,model,method,dim,neighbours,n_layers,norm,min_dist,dre1,drf1,lr,edr,fmr,tau,lambd,pred_hid,proj_hid_dim,sp,acc,local,density,alpha,beta,gnn_type
0,PCA,heat,2,50,2,normalize,0.1,0.2,0.4,0.001,0.2,0.5,0.5,0.0001,512,256,-0.0010945217202782557,0.142,0.099733,0.026078387354680037,0.5,1.0,symmetric
1,LaplacianEigenmap,heat,2,50,2,normalize,0.1,0.2,0.4,0.001,0.2,0.5,0.5,0.0001,512,256,-0.0011194528980688146,0.27799999999999997,0.095026545,0.056094080468309195,0.5,1.0,symmetric
2,Isomap,heat,2,50,2,normalize,0.1,0.2,0.4,0.001,0.2,0.5,0.5,0.0001,512,256,0.007851015290417339,0.32599999999999996,0.09727688,0.019075427656424254,0.5,1.0,symmetric
3,TSNE,heat,2,50,2,normalize,0.1,0.2,0.4,0.001,0.2,0.5,0.5,0.0001,512,256,0.0021245643434978914,0.23000000000000004,0.098925605,0.026516654770083734,0.5,1.0,symmetric
4,UMAP,heat,2,50,2,normalize,0.1,0.2,0.4,0.001,0.2,0.5,0.5,0.0001,512,256,0.00033247063156942146,0.22600000000000003,0.09738992,0.15158409683598728,0.5,1.0,symmetric
5,DenseMAP,heat,2,50,2,normalize,0.1,0.2,0.4,0.001,0.2,0.5,0.5,0.0001,512,256,-0.000398624414266623,0.18000000000000002,0.09758959,0.04413641120132414,0.5,1.0,symmetric
