,model,method,dim,neighbours,n_layers,norm,min_dist,dre1,drf1,lr,edr,fmr,tau,lambd,pred_hid,proj_hid_dim,sp,acc,local,density,alpha,beta,gnn_type
0,PCA,heat,2,50,2,normalize,0.1,0.2,0.4,0.001,0.2,0.5,0.5,0.0001,512,256,-0.003488921797549154,0.4379999999999999,0.099527255,0.026078387354680037,0.5,1.0,symmetric
1,LaplacianEigenmap,heat,2,50,2,normalize,0.1,0.2,0.4,0.001,0.2,0.5,0.5,0.0001,512,256,-0.007727296268412649,0.466,0.09977964,0.056094080468309195,0.5,1.0,symmetric
2,Isomap,heat,2,50,2,normalize,0.1,0.2,0.4,0.001,0.2,0.5,0.5,0.0001,512,256,0.001848832492473078,0.518,0.103978544,0.019075427656424254,0.5,1.0,symmetric
3,TSNE,heat,2,50,2,normalize,0.1,0.2,0.4,0.001,0.2,0.5,0.5,0.0001,512,256,0.0029943939966214344,0.516,0.102212176,-0.007023698149829664,0.5,1.0,symmetric
4,UMAP,heat,2,50,2,normalize,0.1,0.2,0.4,0.001,0.2,0.5,0.5,0.0001,512,256,-0.004918331991827519,0.502,0.102985255,0.15158409683598728,0.5,1.0,symmetric
5,DenseMAP,heat,2,50,2,normalize,0.1,0.2,0.4,0.001,0.2,0.5,0.5,0.0001,512,256,-0.005494828032457568,0.524,0.09884764,0.04413641120132414,0.5,1.0,symmetric
