,model,method,dim,neighbours,n_layers,norm,min_dist,dre1,drf1,lr,edr,fmr,tau,lambd,pred_hid,proj_hid_dim,sp,acc,local,density,alpha,beta,gnn_type
0,PCA,heat,2,50,2,normalize,0.1,0.2,0.4,0.001,0.2,0.5,0.5,0.0001,512,256,0.0015720091636786011,0.4379999999999999,0.09737747,0.026078387354680037,0.5,1.0,symmetric
1,LaplacianEigenmap,heat,2,50,2,normalize,0.1,0.2,0.4,0.001,0.2,0.5,0.5,0.0001,512,256,0.0019580148819648064,0.466,0.098444864,0.056094080468309195,0.5,1.0,symmetric
2,Isomap,heat,2,50,2,normalize,0.1,0.2,0.4,0.001,0.2,0.5,0.5,0.0001,512,256,-0.0003822007361753755,0.518,0.10088318,0.019075427656424254,0.5,1.0,symmetric
3,TSNE,heat,2,50,2,normalize,0.1,0.2,0.4,0.001,0.2,0.5,0.5,0.0001,512,256,-0.007145772592459963,0.546,0.10039449,0.03763261065330618,0.5,1.0,symmetric
4,UMAP,heat,2,50,2,normalize,0.1,0.2,0.4,0.001,0.2,0.5,0.5,0.0001,512,256,-8.55574549177966e-05,0.502,0.10238931,0.15158409683598728,0.5,1.0,symmetric
5,DenseMAP,heat,2,50,2,normalize,0.1,0.2,0.4,0.001,0.2,0.5,0.5,0.0001,512,256,-0.0016353458077359394,0.524,0.10017176,0.04413641120132414,0.5,1.0,symmetric
