,model,method,dim,neighbours,n_layers,norm,min_dist,dre1,drf1,lr,edr,fmr,tau,lambd,pred_hid,proj_hid_dim,sp,acc,local,density,alpha,beta,gnn_type
0,PCA,heat,2,50,2,normalize,0.1,0.2,0.4,0.001,0.2,0.5,0.5,0.0001,512,256,0.8423516016327977,0.9348124883834334,0.95453286,0.4372596154364556,0.5,1.0,symmetric
1,LaplacianEigenmap,heat,2,50,2,normalize,0.1,0.2,0.4,0.001,0.2,0.5,0.5,0.0001,512,256,0.8035098519663022,0.9126060398499328,0.9112006,0.28240676677548293,0.5,1.0,symmetric
2,Isomap,heat,2,50,2,normalize,0.1,0.2,0.4,0.001,0.2,0.5,0.5,0.0001,512,256,0.9541389258005678,0.9937837599396662,0.98330075,0.5025359560713337,0.5,1.0,symmetric
3,TSNE,heat,2,50,2,normalize,0.1,0.2,0.4,0.001,0.2,0.5,0.5,0.0001,512,256,0.9461069533753792,0.9826266360996151,0.97870827,-0.035948084746793126,0.5,1.0,symmetric
4,UMAP,heat,2,50,2,normalize,0.1,0.2,0.4,0.001,0.2,0.5,0.5,0.0001,512,256,0.9385542595733127,0.9813735041728509,0.9797806,0.12964159173644038,0.5,1.0,symmetric
5,DenseMAP,heat,2,50,2,normalize,0.1,0.2,0.4,0.001,0.2,0.5,0.5,0.0001,512,256,0.9307141389210194,0.9438073467097727,0.95931125,0.542889440621704,0.5,1.0,symmetric
