,model,method,dim,neighbours,n_layers,norm,min_dist,dre1,drf1,lr,edr,fmr,tau,lambd,pred_hid,proj_hid_dim,sp,acc,local,density,alpha,beta,gnn_type
0,PCA,heat,2,50,2,normalize,0.1,0.2,0.4,0.001,0.2,0.5,0.5,0.0001,512,256,0.7981642028563254,0.9990887185561983,0.9531434,0.6758054039186279,0.5,1.0,symmetric
1,LaplacianEigenmap,heat,2,50,2,normalize,0.1,0.2,0.4,0.001,0.2,0.5,0.5,0.0001,512,256,0.6281199526755719,0.916646246503024,0.92348087,-0.3917035398198248,0.5,1.0,symmetric
2,Isomap,heat,2,50,2,normalize,0.1,0.2,0.4,0.001,0.2,0.5,0.5,0.0001,512,256,0.7910722143118554,0.9931152230411874,0.95004135,0.7939661795478578,0.5,1.0,symmetric
3,TSNE,heat,2,50,2,normalize,0.1,0.2,0.4,0.001,0.2,0.5,0.5,0.0001,512,256,0.7256814579196769,0.908665645143069,0.9544786,0.3743257929182442,0.5,1.0,symmetric
4,UMAP,heat,2,50,2,normalize,0.1,0.2,0.4,0.001,0.2,0.5,0.5,0.0001,512,256,0.7311574640843799,0.8705072988054084,0.9631277,0.487054030899891,0.5,1.0,symmetric
5,DenseMAP,heat,2,50,2,normalize,0.1,0.2,0.4,0.001,0.2,0.5,0.5,0.0001,512,256,0.7731617185936853,0.862222029761434,0.9549177,0.9317797679579101,0.5,1.0,symmetric
